"?column?","sum","sum-2"
"profit_sum","283909.2813259005182929","286397.0216999999887055"
