"region","country","total_sales","total_profit","total_quantity","avg_discount"
"South","United States","1278711.3765","149226.6734999999960440","18412","0.14210635646032405484"
"Central","United States","1491742.9828","119312.9926999999917690","25319","0.23087065779748706578"
"West","United States","2152513.3595","309744.0997999999850384","37117","0.11437244844551449806"
"East","United States","2191117.0090","274801.2359999999892871","32682","0.14504217004786870299"
